variant,workload,concurrency,poolSize,effectivePixels_mpix,throughput_mpix_sec,throughput_std,speedup_vs_js_worker,latency_mean_ms,latency_p95_ms,compute_mean_ms,cpu_percent,el_lag_p95_ms,el_lag_max_ms,el_lag_severity,mem_peak_rss_mb,worker_overhead_ms,num_runs
js_pure,tiny_128x128_k3_p1,1,1,0.016,20.953,0.391,,0.782,0.844,0.78,103.835,0.001,0.0,healthy,537.939,0.001,7
js_worker,tiny_128x128_k3_p1,1,1,0.016,20.141,0.18,1.0,0.813,0.883,0.78,101.444,10.502,10.645,healthy,390.685,0.033,7
js_worker_wasm,tiny_128x128_k3_p1,1,1,0.016,15.572,0.118,0.773,1.051,1.092,1.015,101.863,10.595,10.954,healthy,407.987,0.036,7
js_worker_wasm_simd,tiny_128x128_k3_p1,1,1,0.016,15.306,0.148,0.76,1.07,1.114,1.031,112.484,10.675,11.004,healthy,432.534,0.039,7
js_worker,tiny_128x128_k3_p1,4,4,0.016,75.042,0.704,1.0,0.87,0.982,0.833,410.641,10.84,10.84,healthy,446.304,0.037,7
js_worker_wasm,tiny_128x128_k3_p1,4,4,0.016,59.74,0.586,0.796,1.092,1.152,1.054,388.879,10.32,10.598,healthy,482.258,0.039,7
js_worker_wasm_simd,tiny_128x128_k3_p1,4,4,0.016,59.359,0.516,0.791,1.1,1.148,1.063,394.757,10.405,10.661,healthy,471.552,0.037,7
js_worker,tiny_128x128_k3_p1,8,8,0.016,125.183,5.414,1.0,1.04,1.585,0.99,852.872,10.509,10.509,healthy,678.241,0.051,7
js_worker_wasm,tiny_128x128_k3_p1,8,8,0.016,109.108,2.704,0.872,1.191,1.736,1.148,829.833,10.277,10.277,healthy,784.272,0.043,7
js_worker_wasm_simd,tiny_128x128_k3_p1,8,8,0.016,106.333,1.034,0.849,1.223,1.823,1.179,819.761,10.193,10.193,healthy,884.56,0.044,7
js_worker,tiny_128x128_k3_p1,16,16,0.016,121.654,5.015,1.0,2.131,3.717,1.874,1653.344,10.41,10.41,healthy,1248.039,0.257,7
js_worker_wasm,tiny_128x128_k3_p1,16,16,0.016,133.067,1.398,1.094,1.944,2.128,1.857,1570.26,10.283,10.283,healthy,1457.984,0.087,7
js_worker_wasm_simd,tiny_128x128_k3_p1,16,16,0.016,135.6,0.863,1.115,1.903,2.051,1.818,1584.742,10.219,10.219,healthy,1651.723,0.085,7
js_pure,small_512x512_k5_p1,1,1,0.262,16.683,0.129,,15.712,16.005,15.708,100.168,0.001,0.0,healthy,4093.667,0.004,7
js_worker,small_512x512_k5_p1,1,1,0.262,15.503,0.307,1.0,16.913,21.717,16.573,108.213,16.916,19.873,healthy,2237.215,0.34,7
js_worker_wasm,small_512x512_k5_p1,1,1,0.262,13.132,0.092,0.847,19.961,20.406,19.713,100.686,19.684,20.033,healthy,2356.54,0.248,7
js_worker_wasm_simd,small_512x512_k5_p1,1,1,0.262,13.364,0.049,0.862,19.614,20.23,19.384,101.266,19.436,19.874,healthy,2533.165,0.23,7
js_worker,small_512x512_k5_p1,4,4,0.262,51.135,1.136,1.0,19.307,24.945,19.113,463.585,19.203,19.203,healthy,2645.301,0.193,7
js_worker_wasm,small_512x512_k5_p1,4,4,0.262,48.092,1.055,0.94,21.237,23.703,21.03,390.661,19.546,19.546,healthy,2720.362,0.207,7
js_worker_wasm_simd,small_512x512_k5_p1,4,4,0.262,49.795,0.572,0.974,20.769,21.704,20.532,396.665,19.783,19.783,degraded,3273.374,0.237,7
js_worker,small_512x512_k5_p1,8,8,0.262,60.601,2.528,1.0,31.716,42.059,31.054,943.752,15.842,15.842,healthy,3980.978,0.662,7
js_worker_wasm,small_512x512_k5_p1,8,8,0.262,77.426,1.167,1.278,23.657,30.337,23.163,783.595,16.368,16.368,healthy,4599.434,0.494,7
js_worker_wasm_simd,small_512x512_k5_p1,8,8,0.262,77.717,2.244,1.282,23.578,30.406,23.068,667.471,15.758,15.758,healthy,5956.259,0.509,7
js_worker,small_512x512_k5_p1,16,16,0.262,50.468,2.943,1.0,68.234,92.122,65.941,1418.713,24.068,24.068,degraded,7295.302,2.292,7
js_worker_wasm,small_512x512_k5_p1,16,16,0.262,80.683,0.839,1.599,38.348,43.537,37.455,1091.701,13.902,13.902,healthy,8903.647,0.893,7
js_worker_wasm_simd,small_512x512_k5_p1,16,16,0.262,84.015,0.918,1.665,36.935,41.938,36.052,1173.906,16.416,16.416,healthy,11706.719,0.883,7
js_pure,medium_1920x1080_k15_p1,1,1,2.074,7.653,0.065,,270.965,281.242,270.944,101.441,0.001,0.0,healthy,4074.767,0.021,7
js_worker,medium_1920x1080_k15_p1,1,1,2.074,7.583,0.079,1.0,273.486,296.105,273.116,101.612,16.283,21.447,healthy,2245.145,0.37,7
js_worker_wasm,medium_1920x1080_k15_p1,1,1,2.074,7.28,0.026,0.96,284.817,286.893,284.512,100.668,16.364,22.048,healthy,2399.815,0.305,7
js_worker_wasm_simd,medium_1920x1080_k15_p1,1,1,2.074,7.914,0.041,1.044,262.008,265.122,261.721,100.827,16.364,21.868,healthy,2577.458,0.287,7
js_worker,medium_1920x1080_k15_p1,4,4,2.074,27.637,0.567,1.0,289.306,309.729,288.986,390.182,16.171,21.222,healthy,2784.261,0.321,7
js_worker_wasm,medium_1920x1080_k15_p1,4,4,2.074,27.266,0.205,0.987,302.77,307.683,302.422,401.515,15.822,21.461,healthy,2878.777,0.348,7
js_worker_wasm_simd,medium_1920x1080_k15_p1,4,4,2.074,29.516,0.259,1.068,279.164,285.62,278.849,398.39,15.94,21.213,healthy,3439.376,0.315,7
js_worker,medium_1920x1080_k15_p1,8,8,2.074,43.852,3.916,1.0,322.558,384.287,322.32,684.719,18.357,22.058,healthy,4325.033,0.238,7
js_worker_wasm,medium_1920x1080_k15_p1,8,8,2.074,43.843,0.407,1.0,317.357,335.728,317.071,669.681,15.96,21.718,healthy,4914.834,0.286,7
js_worker_wasm_simd,medium_1920x1080_k15_p1,8,8,2.074,47.633,0.333,1.086,292.106,310.081,291.808,677.607,16.032,21.943,healthy,6276.728,0.299,7
js_worker,medium_1920x1080_k15_p1,16,16,2.074,45.761,1.295,1.0,532.089,602.76,531.429,1170.615,30.386,33.48,degraded,7563.334,0.66,7
js_worker_wasm,medium_1920x1080_k15_p1,16,16,2.074,45.337,0.09,0.991,541.436,602.731,540.239,1183.706,27.891,31.134,degraded,9263.605,1.197,7
js_worker_wasm_simd,medium_1920x1080_k15_p1,16,16,2.074,49.24,0.162,1.076,497.132,553.597,495.704,1183.319,24.06,28.381,degraded,12051.165,1.428,7
js_pure,large_1920x1080_k15_p10,1,1,20.736,7.81,0.035,,2655.103,2667.392,2655.08,100.053,0.001,0.0,healthy,3932.842,0.023,7
js_worker,large_1920x1080_k15_p10,1,1,20.736,7.805,0.04,1.0,2656.695,2666.444,2656.221,100.046,16.276,22.018,healthy,2243.917,0.473,7
js_worker_wasm,large_1920x1080_k15_p10,1,1,20.736,7.374,0.027,0.945,2811.887,2821.562,2811.661,100.045,16.316,21.966,healthy,2401.387,0.226,7
js_worker_wasm_simd,large_1920x1080_k15_p10,1,1,20.736,8.037,0.034,1.03,2579.942,2586.18,2579.727,100.05,16.341,21.412,healthy,2578.96,0.214,7
js_worker,large_1920x1080_k15_p10,4,4,20.736,29.425,0.19,1.0,2800.338,2835.91,2800.033,397.729,15.859,22.615,healthy,2863.238,0.305,7
js_worker_wasm,large_1920x1080_k15_p10,4,4,20.736,27.961,0.105,0.95,2959.127,2977.124,2958.918,398.33,15.835,22.076,healthy,2963.222,0.209,7
js_worker_wasm_simd,large_1920x1080_k15_p10,4,4,20.736,30.442,0.148,1.035,2718.646,2733.861,2718.428,398.848,15.863,23.216,healthy,3515.699,0.218,7
js_worker,large_1920x1080_k15_p10,8,8,20.736,47.907,0.785,1.0,2908.53,3013.245,2908.142,672.698,15.88,20.819,healthy,4356.364,0.388,7
js_worker_wasm,large_1920x1080_k15_p10,8,8,20.736,45.511,0.173,0.95,3051.952,3103.515,3051.438,669.844,15.86,21.238,healthy,4914.657,0.514,7
js_worker_wasm_simd,large_1920x1080_k15_p10,8,8,20.736,49.597,0.234,1.035,2800.116,2845.285,2799.663,670.21,15.854,21.491,healthy,6275.48,0.453,7
js_worker,large_1920x1080_k15_p10,16,16,20.736,49.408,0.335,1.0,5020.824,5652.508,5020.244,1193.348,33.044,35.914,degraded,7787.429,0.58,7
js_worker_wasm,large_1920x1080_k15_p10,16,16,20.736,48.344,0.113,0.978,5068.724,5608.939,5067.386,1179.248,32.983,34.884,degraded,9224.191,1.338,7
js_worker_wasm_simd,large_1920x1080_k15_p10,16,16,20.736,52.803,0.049,1.069,4638.761,5134.55,4637.454,1175.854,33.0,35.333,degraded,12011.189,1.307,7
js_pure,heavy_2560x1440_k31_p5,1,1,18.432,4.032,0.021,,4571.397,4594.049,4571.374,100.039,0.001,0.0,healthy,3941.332,0.023,7
js_worker,heavy_2560x1440_k31_p5,1,1,18.432,4.03,0.016,1.0,4573.439,4605.612,4573.002,100.088,16.309,21.784,healthy,2231.657,0.437,7
js_worker_wasm,heavy_2560x1440_k31_p5,1,1,18.432,4.034,0.014,1.001,4569.369,4594.507,4569.077,100.096,16.313,21.627,healthy,2354.235,0.292,7
js_worker_wasm_simd,heavy_2560x1440_k31_p5,1,1,18.432,4.558,0.016,1.131,4044.096,4057.365,4043.818,100.105,16.358,21.917,healthy,2540.179,0.278,7
js_worker,heavy_2560x1440_k31_p5,4,4,18.432,15.247,0.054,1.0,4818.192,4852.356,4817.762,398.488,15.837,21.412,healthy,2956.546,0.43,7
js_worker_wasm,heavy_2560x1440_k31_p5,4,4,18.432,15.282,0.068,1.002,4816.517,4843.326,4816.214,399.022,15.84,20.637,healthy,2994.651,0.303,7
js_worker_wasm_simd,heavy_2560x1440_k31_p5,4,4,18.432,17.265,0.066,1.132,4262.281,4285.151,4261.975,399.185,15.854,22.055,healthy,3563.331,0.307,7
js_worker,heavy_2560x1440_k31_p5,8,8,18.432,24.796,0.448,1.0,4990.277,5101.695,4989.793,671.852,15.864,21.903,healthy,4554.485,0.484,7
js_worker_wasm,heavy_2560x1440_k31_p5,8,8,18.432,24.877,0.104,1.003,4957.205,5033.45,4956.883,669.246,15.854,21.866,healthy,5155.122,0.322,7
js_worker_wasm_simd,heavy_2560x1440_k31_p5,8,8,18.432,28.101,0.073,1.133,4393.41,4469.83,4393.101,669.819,15.853,21.002,healthy,6435.629,0.308,7
js_worker,heavy_2560x1440_k31_p5,16,16,18.432,25.407,0.344,1.0,8613.349,9580.504,8612.355,1184.727,33.007,36.878,degraded,8076.582,0.994,7
js_worker_wasm,heavy_2560x1440_k31_p5,16,16,18.432,25.892,0.058,1.019,8479.998,9418.196,8478.044,1188.004,33.021,38.058,degraded,9488.997,1.954,7
js_worker_wasm_simd,heavy_2560x1440_k31_p5,16,16,18.432,29.214,0.048,1.15,7519.766,8348.967,7517.352,1188.238,33.032,35.205,degraded,12274.425,2.413,7
js_pure,ultra_3840x2160_k31_p5,1,1,41.472,4.047,0.016,,10247.214,10292.412,10247.188,100.026,0.001,0.0,healthy,3986.002,0.026,7
js_worker,ultra_3840x2160_k31_p5,1,1,41.472,4.051,0.014,1.0,10236.748,10274.976,10236.187,100.114,16.296,21.545,healthy,1907.783,0.561,7
js_worker_wasm,ultra_3840x2160_k31_p5,1,1,41.472,4.215,0.016,1.04,9839.218,9889.905,9838.84,100.086,16.306,22.053,healthy,1989.282,0.377,7
js_worker_wasm_simd,ultra_3840x2160_k31_p5,1,1,41.472,4.762,0.017,1.175,8709.792,8733.228,8709.421,100.11,16.349,21.816,healthy,2153.339,0.371,7
js_worker,ultra_3840x2160_k31_p5,4,4,41.472,15.31,0.067,1.0,10797.079,10861.993,10796.463,398.65,15.842,21.449,healthy,3016.366,0.616,7
js_worker_wasm,ultra_3840x2160_k31_p5,4,4,41.472,15.941,0.074,1.041,10395.315,10439.716,10394.875,399.29,15.832,22.359,healthy,3129.593,0.441,7
js_worker_wasm_simd,ultra_3840x2160_k31_p5,4,4,41.472,18.025,0.074,1.177,9189.018,9229.678,9188.548,399.242,15.86,21.812,healthy,3686.247,0.47,7
js_worker,ultra_3840x2160_k31_p5,8,8,41.472,25.093,0.071,1.0,11058.283,11186.171,11057.706,669.146,15.853,22.563,healthy,4378.756,0.578,7
js_worker_wasm,ultra_3840x2160_k31_p5,8,8,41.472,25.936,0.128,1.034,10702.72,10853.372,10702.3,669.469,15.849,22.757,healthy,5154.446,0.419,7
js_worker_wasm_simd,ultra_3840x2160_k31_p5,8,8,41.472,29.315,0.116,1.168,9468.065,9607.184,9467.655,669.462,15.854,22.364,healthy,6474.435,0.41,7
js_worker,ultra_3840x2160_k31_p5,16,16,41.472,25.396,0.045,1.0,19597.005,21835.944,19595.627,1196.454,33.058,37.613,degraded,8563.818,1.378,7
js_worker_wasm,ultra_3840x2160_k31_p5,16,16,41.472,25.999,0.057,1.024,19247.044,21494.059,19243.817,1202.627,33.058,37.112,degraded,10260.757,3.226,7
js_worker_wasm_simd,ultra_3840x2160_k31_p5,16,16,41.472,29.422,0.061,1.158,16992.888,18977.375,16989.943,1201.057,33.063,38.446,degraded,13110.883,2.945,7
